{
    "temples": [
        {
            "templename": "Jordan River Utah Temple",
            "address": "10200 S Temple Drive South Jordan UT 84095-8814 United States",
            "telephone": "(1) 801-254-3003",
            "services": "Clothing rental available\nNo cafeteria available\nNo patron housing avaible\nDistribution center nearby",
            "history": "Milestones: 3 Febuary 1978-Announced\n9 June 1979-Groundbreaking\n16 November 1981-Dedicated\n20 May 2018-Rededication",
            "templeclosure": "2022\nSaturday, 1 October 2022\nMonday, 31 October 2022 - Monday, 14 November 2022\nWednesday, 23 November 2022 (Limited Operations)\nThursday, 24 November 2022\nSaturday, 24 December 2022\nSaturday, 31 December 2022 (Limited Operations)\n2023\nMonday, 8 May 2023 - Monday, 22 May 2023\nMonday, 30 October 2023 - Monday, 13 November 2023",
            "templeicon": "images/jordanriver.jpeg"
        
        },
        {
            "templename": "Seattle Washington Temple",
            "address": "2808 148th Ave SE Bellevue WA 98007-6453 United States",
            "telephone": "(1) 425-643-5144",
            "services": "Clothing rental available\nNo cafeteria available\nNo patron housing available\nDistribution center nearby",
            "history": "Milesones: 15 November 1975-Announced\n27 May 1978-Groundbreaking\n17 November 1980-Dedicated",
            "templeclosure": "2022\nMonday, 8 August 2022 - Monday, 22 August 2022\nSaturday, 1 October 2022\nWednesday, 23 November 2022 - Thursday, 24 November 2022\nSaturday, 24 December 2022 - Sunday, 25 December 2022\nSaturday, 31 December 2022 - Sunday, 1 January 2023\n2023\nMonday, 20 February 2023 - Monday, 6 March 2023\nMonday, 14 August 2023 - Monday, 28 August 2023",
            "templeicon": "images/seattlewashington.jpeg"   
        
        },
        {
            "templename": "San Diego California Temple",
            "address": "7474 Charmant Dr San Diego CA 92122-5000 United States",
            "telephone": "(1) 858-622-0991",
            "services": "Clothing rental available\nNo cafeteria available\nNo patron housing available\nDistribution center nearby",
            "history": "Milestones: 7 April 1984-Announced\n27 February 1988-Groundbreaking\n25 April 1993-Dedicated  ",
            "templeclosure": "2022\nSaturday, 1 October 2022\nWednesday, 23 November 2022 - Thursday, 24 November 2022\nSaturday, 24 December 2022\nSaturday, 31 December 2022",
            "templeicon": "images/sandiego.jpeg"     
        
        },
        {
            "templename": "Mesa Arizona Temple",
            "address": "101 S LeSueur Mesa AZ 85204-1031 United States",
            "telephone": "(1) 480-833-1211",
            "services": "Clothing rental available\nNo cafeteria available\nNo patron housing available\nDistribution center nearby",
            "history": "Milestones: 1 October 1919-Announced\n25 April 1922-Groundbreaking\n23 October 1927-Dedicated\n15 April 1975-Rededicated\n12 December 2021-Rededicated",
            "templeclosure": "2022\nMonday, 18 July 2022 - Monday, 1 August 2022\nSaturday, 1 October 2022\nWednesday, 23 November 2022 (Limited Operations)\nThursday, 24 November 2022\nSaturday, 24 December 2022\nSaturday, 31 December 2022\n2023\nMonday, 27 February 2023 - Monday, 13 March 2023\nTuesday, 28 March 2023 - Monday, 10 April 2023 (Limited Operations)\nSaturday, 1 April 2023\nTuesday, 4 July 2023\nSaturday, 30 September 2023\nMonday, 16 October 2023 - Monday, 30 October 2023\nWednesday, 22 November 2023 (Limited Operations)",
            "templeicon": "images/mesa.jpg"    
        
        },
        {
            "templename": "Rome Italy Temple",
            "address": "Via di Settebagni 376 Rome RM Italy",
            "telephone": "(39) 06-9480-5050",
            "services": "Clothing rental available\nNo cafeteria available\nPatron housing available\nDistribution center nearby",
            "history": "Milestones: 4 October 2008-Announced\n23 October 2010-Groundbreaking\n10 March 2019-Dedicated",
            "templeclosure": "2022\nMonday, 19 September 2022 - Monday, 3 October 2022\nSaturday, 24 December 2022 - Monday, 26 December 2022\nSaturday, 31 December 2022 - Sunday, 1 January 2023\n2023\nMonday, 20 March 2023 - Monday, 3 April 2023\nThursday, 29 June 2023\nMonday, 18 September 2023 - Monday, 2 October 2023\nSunday, 24 December 2023 - Tuesday, 26 December 2023",
            "templeicon": "images/rome.png"   
        
        },
        {
            "templename": "Anchorage Alaska Temple",
            "address": "13161 Brayton Dr Anchorage AK 99516 United States",
            "telephone": "(1) 907-348-7890",
            "services": "No clothing rental available\nNo cafeteria available\nNo patron housing available\nNo distribution center nearby",
            "history": "Milestones: 4 October 1997-Announced\n17 April 1998-Groundbreaking\n9 January 1999-Dedicated\n8 February 2004-Rededicated",
            "templeclosure": "2022\nMonday, 5 September 2022\nMonday, 19 September 2022 - Friday, 30 September 2022\nSaturday, 1 October 2022 - Sunday, 2 October 2022\nThursday, 24 November 2022\nSaturday, 24 December 2022 - Sunday, 25 December 2022\nSaturday, 31 December 2022 - Sunday, 1 January 2023\n2023\nMonday, 20 March 2023 - Monday, 3 April 2023\nMonday, 18 September 2023 - Monday, 2 October 2023",
            "templeicon": "images/anchorage.jpeg"  
        
        },
        {
            "templename": "Hong Kong China Temple",
            "address": "2 Cornwall St Kowloon Tong Kowloon City, Hong Kong",
            "telephone": "(852) 2910-9300",
            "services": "Clothing rental available\nNo cafeteria available\nNo patron housing available\nDistribution center nearby",
            "history": "Milestones: 3 October 1992-Announced\n22 January 1994-Groundbreaking\n26 May 1996-Dedicated\n19 June 2022-Rededicated",
            "templeclosure": "N/A",
            "templeicon": "images/hongkong.jpg"  
        
        },
        {
            "templename": "Baton Rouge Louisiana Temple",
            "address": "10339 Highland Rd Baton Rouge LA 70810 United States",
            "telephone": "(1) 225-769-1197",
            "services": "No clothing rental available\nNo cafeteria available\nNo patron housing available\nNo distribution center nearby",
            "history": "Milestones: 14 October 1998-Announced\n8 May 1999-Groundbreaking\n16 July 2000-Dedicated\n17 November 2019-Rededicated",
            "templeclosure": "2022\nSaturday, 1 October 2022\nMonday, 31 Octover 2022 - Monday, 14 November 2022\nWednesday, 23 November 2022 - Thursday, 24 November 2022\nSaturday, 24 December 2022 - Monday, 26 December 2022\nSaturday, 31 December 2022 - Monday, 2 January 20232023\nSaturday, 1 April 2023\nMonday, 1 May 2023 - Monday, 15 May 2023\nTuesday, 4 July 2023\nSaturday, 30 September 2023\nSunday, 29 October 2023 - Sunday, 12 November 2023\nWednesday, 22 November 2023 - Thursday, 23 November 2023\nSunday, 24 December 2023 - Tuesday, 26 December 2023\nSunday, 31 December 2023 - Monday, 1 January 2024",
            "templeicon": "images/batonrouge.jpeg" 
        
        }
    ]
}